/*https://viewer.diagrams.net/?tags=%7B%7D&highlight=0000ff&edit=_blank&layers=1&nav=1#R7Z1bc%2BI4Fsc%2FDVWzD52ybG5%2BnEBmpmf7tqS3Nv1EKViAZ4zNCCeB%2BfQrG4uLj%2B8x2INOVVc1kmWBpf9Rfjo6kjvGaLX9ldP18rNnMaeja9a2Y4w7uk5M0hX%2FBTm7KEczhvucBbetKO%2BY8Wj%2FzWTBKPfFttjmrKDveY5vr88zZ57rspl%2Flkc5997Oi8095%2Fxb13TBQMbjjDow93%2B25S%2F3ucOedsz%2FjdmLpfxmokVXVlQWjjI2S2p5bydZxkPHGHHP8%2FefVtsRc4LWk%2B2yv%2B%2BXlKuHH8aZ6xe5of%2FiPq1%2B53T79kpta8PWu79%2B%2FRDV8kqdl%2BiBRy8b31sxHv1ofydbQvz%2BdfDRp89B1v3Gp9yPOszQRIboAp%2FarrjVGJMw7Th0vbHD4uOwxNJ2rE905734siKZup%2FbjjPyHI%2BH32ZYlA3nM5G%2F4NSyxSOeXBsw2mda%2BBO49yc7udKfDdnzXFyJHotxn21T24scekHol4mH9vlOFIluMKUEI%2BkaZpR%2BO%2BpAl729PNWALEgj7S0OdR%2B7R3yIeqhEb%2Bmgt7J7aRLo7X7pcfvvoG%2BcqBtOey5Mv9krh7pCyNSKZd17oeUmNrbVf%2B73%2BuKK762jMg6b%2B9HHZ88XOooSPGodLVEWFvfW3ylfMFkkpoX5fK7PAi2sPdv1w0bt3Yt%2FoplH2l2v0xOFRiJNjmnxLyjOhWxc8cOFLIO6Gd34b2zjJ8tqPrfMfr%2BoeNLNCSpKKqiggLqX0o8B9PNxnKog8bC%2BTZ2JGFWpuwhNfumvnMi435a2zx7XdBYUfROD%2F34ACMZgeuzZc83Y7pJxO2h9TzTu3AlHw6VtWcyNdbrruay0sEJ1MP7wyvYiIe%2FqSj25K0%2F6rl%2By66LKjg1aujbqiOdzqS%2FM8sW1NkAPh99ZXSJdIJHAdFAjZTSyPe%2FRk04e1CqZIrVdQTI9IJlv%2F0bFVFEMSfgLcZOS6bcHZI7yuSjGRNqrkWAuRSmDpillAMTxha4YjigZpqQepwyBSF4pny3ZT7r2L5RKKakohismUI7r%2Be5LcCPKprxslGEW6Q5CaGkhtBDSNLUQ6EplK2rjqJJpTuqBC4FO3JBcKP%2FJQHQpqxbF2IVADy7Cy3uEow69QMcu0ktr6KXXOL1AJ%2B6abjZvHrdwZMmyKAUBBjpvn22XRiJEoRQWimrsAv26yC7vEY467AKdvV%2B5hSFKel9yQ8QRvaIccbkQJQLdq41xJsYopVtTe4OUZLzkqbVPMU4p2%2BDUw1Ad%2BlsxUqm0StIZdFiraIrUdg3RQOcrxipV1AzpQtHc5kgDna6NIY2KrrNsXmk8XEmHntWvU9%2FGiKVse1KQWKCPFWVSXiaqIQt0t6Lb7D3CUYdboMMVuaU13NJ8xJKe4FadWkKSOLBkGZSC4AJ9uiiT8jJRDFykIxnBpSbhKAMuBnTtIri0B1waD1YyoBd3NBV34LCSYU7qYYsB%2Fba4QlRaJapRC%2FTm%2FoIrRNU0ow6wFAh6YdaCPUZJ0aq2v5swh%2Fq25z4cr9zPBb9ExEL0czUx1%2Fo5ONBKJB8mou%2B%2Fe5%2Bpuwv6N3guJomGbW3%2F6eTzj%2BCzYIZ9arw9uTSWyCN%2BD989Hb5HJE7uCpLH28KUvG%2F%2FkMGTpeomytp4L3zGsth3X86XgPSOP2YkMeJJZvKw1V%2FPf3GG8r554R%2BNwzgo5RXR0HAYk9v%2BSaO7jlIDFZn6eUX9eEjWvilARbUd9AKnZxNBjvSF02BoyOTtzu2H1sW7x0wYyw6H1J0JrXcp7O22aFqEoXXpNlUqtC5JQhebOHXhxGmCoXU5BqfexKmLE6caVKLYxKkLJ07rP1EzlTSTNHG6yZ0dXRgS0xjSKOjpzeGVpNC66%2FIKjH2ZTP3dGpceM%2B1JQWKBoS7yUA08D6y0WlQjFxgHgwvV7xGOOvjSos2OiC%2BFIuyuyi%2FSFXjGLy4eZppjUOrxSw%2B6dpFfKqtFMX7pQa8u8st7hKMMv%2FQg%2BY7tzTKbYTq3v%2FgXP1eDkGFBlDj0bP0s0SLWxNW%2FdGtq7%2BpfH9LoGFf%2FcgxOPRbt48EaNagknUHNWkVTpLZriAYyKB6sUVEzSQH2tznS4MEaTbrPcnil8dW%2FPowoGE%2FxVUB59qQgscAoAvSeVVaLauSC52vUKxx18AXP12gxvjS%2F%2BtdP8K5i9FKuQSnIL9C1i%2FxSWS2K8YucpiG%2F1CQcZfhl0KL9ZMgvhY7ZuCq%2FDKBPdzy12GbG7TWOLVk2pR7CDKArVyJMDxGmrFpUQxjo6EWEeY9w1EEY3D%2FWZoQxG0cY6NwdT9fcnqEPJtOiFAQY6Mxdid7AlxqW1Ilq6IJ7x%2BoVjjLoQowhokprUKX56FyScIgcHs6Taz%2FqkcphdwoG6L5LJ4qRCkk4Pm6OB%2FRUVI0ymGJC39yE%2Bra7yIaXGKjc4iax46Yw6e7QkvwdSYeRXm6XmNkihxjuEks3qFQQbfz1y2bSmUuIodkGpx6FmtBfhhBaWiXpDHqT%2B81N6C3DXWIVNUMS%2FlLcpmhatPFdQcdZDq80%2Fvrlw8H%2BJ%2Fp4FF2Nw0qWOakHLESD%2Fo9n26Ucl%2FhKKkUxaCGaDoTz5ev3L%2F%2F99AmVU0k5yqAL0XCHe4vZpflXMBMNuldH3mrFcCqdY1MqAkz6NneMsS6vF%2BUwBje61ywdhTgGt7q3mWMafyMz0ZL2uuMrmXMMSkWIgd5cXDcqrxPV4EXO1PC1zDWoRh1uISRVI4gpV8eUouFRl8MUAl25I6SUHPNRkFII9Nt%2BREoprRPlKAV6czHEuqpqbpFSrB%2FbPz5t%2F1pZow%2FL%2F2hPE%2FtB0z4go7SHUa4af5uoBkgok6lv46HHmdZz04iS%2BNgQUCzxfSiU0kK5XUZJbIWko3aCZsB1oKrKuUVOSQG2ApuLmLVgj1FStKrt7ybMob7tuQ%2FHK%2FdzQTIRu4gp%2BZmamGv9zHmoh4eJ6Pvv3mfq7oL%2BDR6MSbZhW9t%2FCm6507RBlP4RXLsb9GR6vD0pPN6dJL4J8YnmCLeihXmuaJqn08S%2Brp5MHqsKU7Ku%2FeMHz5yqKEl33gufsYzWle%2F38iVFpXZDgbUDkoQsh0we9sjr%2BW%2FOkOU3L3TRS8EP4vveuiQmxv3DRrcdhQhqGsZrMuI17VsD1FSfpOGieHOSrijCgymcmUEv0whqFK5eVLcFvEkX1S3paudy6%2FZr0q1pXlu2Bdbjry5bUk22Wmz0Lj141zkIGwXFXODlcNcdg7W4BP85WoahA1%2B5xfh0wgJmnI4%2FPv6WSqaqbDbv6ue9NEwI%2BSBJ7yMm8e6scTGl0Y1ZtXusanRPpW1Oz9pRnr53vpB8smwr1duVMHNJFNHlFuSkrE%2FDQaxUFakzD82yuJt2dqXIBN9JWodO0n1dNyob6Exf43pcRdUcxurblw3u2mpyiS6PWhK2nF%2BbWqAX%2FSuekZNnUCpyC%2FSYI7eU14ly3AK90hhHVFU1CnEL7tJqM7ckbTe%2FNrhAXyse7pdrUSqCC27TqkMnqoGLdCgjuNSgGnXAxegip7SIU4quLV7wXRhw3jxGTskzIAU5xYAzZeSU8jpRjlPgTBm3k1dVjUKcAtcTgWjqDbtb7SPuQtIBufWGj2p3ptntnMbiDYd6p8FgvIM%2FKzcar9twZKkhl6QO0XhVI0u7sZrMeEWXjsYzCqx9tk7ig1yNBykQ9N9s3PRhmTk%2FcrrhYNMbknf36iN4%2FhaWD9qdRs5FOBgOmxx55avC8pVZ4CV8F5XmkMSkqesVpWnGayLxmi6uzX%2FG0CvEasSG3y6pMv7WOZZKD1LrA%2FeBYCuPpXHB1jeWiiT3PP%2B0uJjWLD97FgtK%2FB8%3D
schema
*/



use data1;
create table Customers(
Customer_ID int PRIMARY KEY,
Customer_name varchar(50) not null,
Customer_email varchar(50) not null,
Customer_password varchar(200) not null,
);



insert into Customers values(1,'Astha','Astha@123','A@123');
insert into Customers values(2,'Manisha','Manisha@123','M@123');




create table Restrorents(
Restrorent_ID int PRIMARY KEY,
Restrorent_name varchar(50) not null,
Restrorent_email varchar(50) not null,
Restrorent_type varchar(50) not null,
Restrorent_number bigint not null,
);

insert into Restrorents values(1,'ABC','ABC@123','veg',1234567890),(2,'XYZ','XYZ@123','thai',0987654321);

create table Dishs(
Dish_ID int PRIMARY KEY,
Dish_name varchar(50) not null,
Dish_type varchar(50) not null,
Dish_description varchar(50) not null,
Dish_price money not null,
Restro_id int,
FOREIGN KEY (Restro_id) REFERENCES Restrorents(Restrorent_ID),
);

insert into Dishs values(1,'pasta','chinese','Good food',200,1),(2,'thali','indian','xyx',2000,1);



create table Orders(
Order_ID int PRIMARY KEY,
Order_datetime datetime not null,
Customer_id int,
FOREIGN KEY (Customer_id) REFERENCES Customers(Customer_ID)
);

insert into Orders values(1,GETDATE(),1),(2,GETDATE(),2);




create table Order_Restro_Dish(
ID int PRIMARY KEY,
Order_id int,
FOREIGN KEY (Order_id) REFERENCES Orders(Order_ID),
Restro_id int,
FOREIGN KEY (Restro_id) REFERENCES Restrorents(Restrorent_ID),
Dish_id int,
FOREIGN KEY (Dish_id) REFERENCES Dishs(Dish_ID),

);

insert into Order_Restro_Dish values(1,1,2,2),(2,1,2,1),(3,2,1,2);

create table Ratings(
Rating_ID int PRIMARY KEY,
Rating_start varchar(50) not null,
Rating_comment varchar(50) not null,
Dish_id int,
FOREIGN KEY (Dish_id) REFERENCES Dishs(Dish_ID),
Customer_id int,
FOREIGN KEY (Customer_id) REFERENCES Customers(Customer_ID)
);

insert into Ratings values(1,'****','good',1,1),(2,'**','notgood',2,2),(3,'*','bad',2,1);

select * from Customers;
select * from Restrorents;
select * from Orders;
select * from Dishs;
select * from Order_Restro_Dish;
select * from Ratings;

drop table Customers;
drop table Dishs;
drop table Restrorents;
drop table Orders;
drop table Order_Restro_Dish;
drop table Ratings;